eno,ename,salary,deptno,doj,location
10,Amber,1000,10,5/14/2018,Bangalore
2,Amar,1000,10,3/22/2017,Bangalore
8,Sagar,1000,20,11/30/2020,Bangalore
4,Thomas,1000,10,8/18/2019,Bangalore
5,Jade,2000,10,2/10/2021,Bangalore
6,Smith,1000,10,12/1/2016,Bangalore
7,Robert,3000,20,6/25/2023,Bangalore
3,Nick,1000,30,9/15/2015,Bangalore
9,Naman,4000,30,1/20/2020,Bangalore
1,Vikas,1000,30,10/3/2017,Bangalore
11,Dennis,41000,30,1/5/2024,Bangalore
12,Karan,2200,20,6/16/2018,Bangalore
13,Simran,1500,10,12/19/2019,Singapore
14,Amit,2000,30,4/9/2022,Singapore
15,Neha,1700,20,7/22/2021,Singapore
16,Rahul,1200,10,3/28/2016,Singapore
17,Divya,3000,30,11/11/2015,Singapore
18,Rakesh,1800,10,9/4/2020,Singapore
19,Monica,2500,20,8/7/2023,Singapore
20,John,2300,30,10/29/2018,Singapore
21,Sneha,2700,10,12/14/2022,Singapore
22,David,1000,20,2/17/2017,Singapore
23,Anita,1500,30,5/21/2019,Singapore
24,Vinod,1800,10,7/30/2016,Singapore
25,Meena,2000,20,3/13/2020,Singapore
26,Harsh,1600,10,9/25/2021,Mumbai
27,Kavita,1400,30,1/6/2019,Mumbai
28,Mohan,1300,10,4/17/2015,Mumbai
29,Priya,1200,20,2/11/2023,Mumbai
30,Suresh,1100,10,9/9/2018,Mumbai
31,Rani,1900,20,11/3/2022,Mumbai
32,Ajay,2100,10,6/26/2020,Mumbai
33,Nidhi,2400,30,5/12/2016,Mumbai
34,Vivek,2000,20,7/31/2017,Mumbai
35,Seema,3000,10,10/15/2021,Mumbai
36,Ritu,3200,20,5/1/2023,Mumbai
37,Kunal,2800,30,8/22/2015,Mumbai
38,Alok,2700,10,3/2/2019,Mumbai
39,Poonam,2600,20,2/5/2022,Mumbai
40,Yash,2500,30,7/19/2020,Mumbai
41,Nina,2300,20,12/28/2018,Mumbai
42,Tarun,2200,10,1/9/2021,Mumbai
43,Geeta,2100,30,11/14/2017,Mumbai
44,Ashok,1900,10,6/8/2016,Mumbai
45,Sanjana,1800,20,3/17/2023,Mumbai
46,Manoj,1700,30,7/24/2019,Mumbai
47,Payal,1600,20,10/10/2015,Mumbai
